time,tag,asset,downloads
2026-10-04T21:51Z,"v1.1.2","GodotCoop-windows.zip",3
2026-10-04T21:51Z,"v1.1.2","godot_coop_plugin.zip",1
2026-10-04T21:51Z,"v1.1.1","GodotCoop-windows.zip",2
2026-10-04T21:51Z,"v1.1.1","godot_coop_plugin.zip",1
2026-10-04T21:51Z,"v1.1.0","GodotCoop-windows.zip",1
2026-10-04T21:51Z,"v1.1.0","godot_coop_plugin.zip",1
2026-10-04T21:51Z,"v1.0.0","GodotCoop-windows.zip",3
2026-10-04T21:51Z,"v1.0.0","godot_coop_plugin.zip",3
2026-10-04T23:13Z,"v1.1.2","GodotCoop-windows.zip",4
2026-10-04T23:13Z,"v1.1.2","godot_coop_plugin.zip",4
2026-10-04T23:13Z,"v1.1.1","GodotCoop-windows.zip",2
2026-10-04T23:13Z,"v1.1.1","godot_coop_plugin.zip",1
2026-10-04T23:13Z,"v1.1.0","GodotCoop-windows.zip",1
2026-10-04T23:13Z,"v1.1.0","godot_coop_plugin.zip",1
2026-10-04T23:13Z,"v1.0.0","GodotCoop-windows.zip",3
2026-10-04T23:13Z,"v1.0.0","godot_coop_plugin.zip",3
2026-10-05T00:47Z,"v1.1.2","GodotCoop-windows.zip",5
2026-10-05T00:47Z,"v1.1.2","godot_coop_plugin.zip",5
2026-10-05T00:47Z,"v1.1.1","GodotCoop-windows.zip",2
2026-10-05T00:47Z,"v1.1.1","godot_coop_plugin.zip",1
2026-10-05T00:47Z,"v1.1.0","GodotCoop-windows.zip",1
2026-10-05T00:47Z,"v1.1.0","godot_coop_plugin.zip",1
2026-10-05T00:47Z,"v1.0.0","GodotCoop-windows.zip",3
2026-10-05T00:47Z,"v1.0.0","godot_coop_plugin.zip",3
2026-10-05T10:18Z,"v1.1.2","GodotCoop-windows.zip",7
2026-10-05T10:18Z,"v1.1.2","godot_coop_plugin.zip",5
2026-10-05T10:18Z,"v1.1.1","GodotCoop-windows.zip",2
2026-10-05T10:18Z,"v1.1.1","godot_coop_plugin.zip",1
2026-10-05T10:18Z,"v1.1.0","GodotCoop-windows.zip",1
2026-10-05T10:18Z,"v1.1.0","godot_coop_plugin.zip",1
2026-10-05T10:18Z,"v1.0.0","GodotCoop-windows.zip",3
2026-10-05T10:18Z,"v1.0.0","godot_coop_plugin.zip",3
2026-10-05T19:45Z,"v1.1.2","GodotCoop-windows.zip",9
2026-10-05T19:45Z,"v1.1.2","godot_coop_plugin.zip",5
2026-10-05T19:45Z,"v1.1.1","GodotCoop-windows.zip",2
2026-10-05T19:45Z,"v1.1.1","godot_coop_plugin.zip",1
2026-10-05T19:45Z,"v1.1.0","GodotCoop-windows.zip",1
2026-10-05T19:45Z,"v1.1.0","godot_coop_plugin.zip",1
2026-10-05T19:45Z,"v1.0.0","GodotCoop-windows.zip",3
2026-10-05T19:45Z,"v1.0.0","godot_coop_plugin.zip",3
